aaron,younatani,fjaf@uyguys.iugi,0545675656,4242,3243e23e23,January,19,1922,0
,,,,,,Month,Day,Year,0
,,,,,,Month,Day,Year,0
roni,yonatani,hfh@yfhg.oihjfow,0547504242,user123,Aa123,February,17,1922,0
roni,yoni,eq@yahoo.com,0547504242,user123,Aa123,February,18,1924,0
,,,,,,Month,Day,Year,0
,,,,,,Month,Day,Year,0
,,,,,,Month,Day,Year,0
,,,,,,Month,Day,Year,0
,,,,,,Month,Day,Year,0
,,,,,,Month,Day,Year,0
,,,,,,Month,Day,Year,0
,,,,,,Month,Day,Year,0
,,,,,,Month,Day,Year,0
,,,,,,Month,Day,Year,0
,,,,,,Month,Day,Year,0
,,,,,,Month,Day,Year,0
,,,,,,Month,Day,Year,0
,,,,,,Month,Day,Year,0
133,2342,24234,34234,23423423423,23423423,Month,Day,Year,0
,,,,,,Month,Day,Year,0
,,,,,,Month,Day,Year,0
,,,,,,Month,Day,Year,0
,,,,,,Month,Day,Year,0
,,,,,,Month,Day,Year,0
,,,,,,Month,Day,Year,0
,,,,,,Month,Day,Year,0
,,,,,,Month,Day,Year,0
,,,,,,Month,Day,Year,0
,,,,,,Month,Day,Year,0
,,,,,,Month,Day,Year,0
,,,,,,Month,Day,Year,0
,,,,,,Month,Day,Year,0
,,,,,,Month,Day,Year,0
,,,,,,Month,Day,Year,0
,,,,,,Month,Day,Year,0
43,535,5345,345,35353,345345,Month,Day,Year,0
42342,34234,4234234,234234,2342342,2342,February,20,1922,0
111111111111,1111111111111111,11111111111111111,111111111111111111111111,111111111111111111,1111111111111111111111111111,January,20,1924,0
